date,cell_id,cell_latitude_center,cell_longitude_center,rainfall_24h_mm
2024-05-15,IMERG_r1136_c2725,23.65,92.55,0.0
2024-05-15,IMERG_r1136_c2726,23.65,92.65,0.0
2024-05-15,IMERG_r1136_c2727,23.65,92.75,0.0
2024-05-15,IMERG_r1137_c2725,23.75,92.55,0.0
2024-05-15,IMERG_r1137_c2726,23.75,92.65,0.0
2024-05-15,IMERG_r1137_c2727,23.75,92.75,0.0
2024-05-15,IMERG_r1138_c2725,23.85,92.55,0.0
2024-05-15,IMERG_r1138_c2726,23.85,92.65,0.0
2024-05-15,IMERG_r1138_c2727,23.85,92.75,0.0
2024-05-15,IMERG_r1139_c2725,23.95,92.55,0.0
2024-05-15,IMERG_r1139_c2726,23.95,92.65,0.0
2024-05-15,IMERG_r1139_c2727,23.95,92.75,0.0
2024-05-15,IMERG_r1140_c2725,24.05,92.55,0.0
2024-05-15,IMERG_r1140_c2726,24.05,92.65,0.0
2024-05-15,IMERG_r1140_c2727,24.05,92.75,0.0
2024-05-16,IMERG_r1136_c2725,23.65,92.55,0.0
2024-05-16,IMERG_r1136_c2726,23.65,92.65,0.0
2024-05-16,IMERG_r1136_c2727,23.65,92.75,0.0
2024-05-16,IMERG_r1137_c2725,23.75,92.55,0.0
2024-05-16,IMERG_r1137_c2726,23.75,92.65,0.1
2024-05-16,IMERG_r1137_c2727,23.75,92.75,0.1
2024-05-16,IMERG_r1138_c2725,23.85,92.55,0.0
2024-05-16,IMERG_r1138_c2726,23.85,92.65,0.0
2024-05-16,IMERG_r1138_c2727,23.85,92.75,0.0
2024-05-16,IMERG_r1139_c2725,23.95,92.55,0.0
2024-05-16,IMERG_r1139_c2726,23.95,92.65,0.0
2024-05-16,IMERG_r1139_c2727,23.95,92.75,0.0
2024-05-16,IMERG_r1140_c2725,24.05,92.55,0.0
2024-05-16,IMERG_r1140_c2726,24.05,92.65,0.0
2024-05-16,IMERG_r1140_c2727,24.05,92.75,0.0
2024-05-17,IMERG_r1136_c2725,23.65,92.55,0.0
2024-05-17,IMERG_r1136_c2726,23.65,92.65,0.0
2024-05-17,IMERG_r1136_c2727,23.65,92.75,0.0
2024-05-17,IMERG_r1137_c2725,23.75,92.55,0.0
2024-05-17,IMERG_r1137_c2726,23.75,92.65,0.0
2024-05-17,IMERG_r1137_c2727,23.75,92.75,0.1
2024-05-17,IMERG_r1138_c2725,23.85,92.55,0.0
2024-05-17,IMERG_r1138_c2726,23.85,92.65,0.0
2024-05-17,IMERG_r1138_c2727,23.85,92.75,0.0
2024-05-17,IMERG_r1139_c2725,23.95,92.55,1.7
2024-05-17,IMERG_r1139_c2726,23.95,92.65,0.3
2024-05-17,IMERG_r1139_c2727,23.95,92.75,0.1
2024-05-17,IMERG_r1140_c2725,24.05,92.55,2.5
2024-05-17,IMERG_r1140_c2726,24.05,92.65,0.6
2024-05-17,IMERG_r1140_c2727,24.05,92.75,1.2
2024-05-18,IMERG_r1136_c2725,23.65,92.55,14.2
2024-05-18,IMERG_r1136_c2726,23.65,92.65,12.9
2024-05-18,IMERG_r1136_c2727,23.65,92.75,10.4
2024-05-18,IMERG_r1137_c2725,23.75,92.55,12.0
2024-05-18,IMERG_r1137_c2726,23.75,92.65,7.5
2024-05-18,IMERG_r1137_c2727,23.75,92.75,5.4
2024-05-18,IMERG_r1138_c2725,23.85,92.55,15.8
2024-05-18,IMERG_r1138_c2726,23.85,92.65,13.4
2024-05-18,IMERG_r1138_c2727,23.85,92.75,13.5
2024-05-18,IMERG_r1139_c2725,23.95,92.55,13.9
2024-05-18,IMERG_r1139_c2726,23.95,92.65,13.3
2024-05-18,IMERG_r1139_c2727,23.95,92.75,13.4
2024-05-18,IMERG_r1140_c2725,24.05,92.55,7.7
2024-05-18,IMERG_r1140_c2726,24.05,92.65,4.4
2024-05-18,IMERG_r1140_c2727,24.05,92.75,4.0
2024-05-19,IMERG_r1136_c2725,23.65,92.55,2.7
2024-05-19,IMERG_r1136_c2726,23.65,92.65,2.1
2024-05-19,IMERG_r1136_c2727,23.65,92.75,0.4
2024-05-19,IMERG_r1137_c2725,23.75,92.55,7.4
2024-05-19,IMERG_r1137_c2726,23.75,92.65,6.8
2024-05-19,IMERG_r1137_c2727,23.75,92.75,4.7
2024-05-19,IMERG_r1138_c2725,23.85,92.55,6.9
2024-05-19,IMERG_r1138_c2726,23.85,92.65,7.4
2024-05-19,IMERG_r1138_c2727,23.85,92.75,9.1
2024-05-19,IMERG_r1139_c2725,23.95,92.55,5.5
2024-05-19,IMERG_r1139_c2726,23.95,92.65,11.0
2024-05-19,IMERG_r1139_c2727,23.95,92.75,8.3
2024-05-19,IMERG_r1140_c2725,24.05,92.55,6.5
2024-05-19,IMERG_r1140_c2726,24.05,92.65,7.4
2024-05-19,IMERG_r1140_c2727,24.05,92.75,8.9
2024-05-20,IMERG_r1136_c2725,23.65,92.55,1.9
2024-05-20,IMERG_r1136_c2726,23.65,92.65,2.2
2024-05-20,IMERG_r1136_c2727,23.65,92.75,0.8
2024-05-20,IMERG_r1137_c2725,23.75,92.55,1.3
2024-05-20,IMERG_r1137_c2726,23.75,92.65,1.0
2024-05-20,IMERG_r1137_c2727,23.75,92.75,0.8
2024-05-20,IMERG_r1138_c2725,23.85,92.55,1.4
2024-05-20,IMERG_r1138_c2726,23.85,92.65,0.4
2024-05-20,IMERG_r1138_c2727,23.85,92.75,0.7
2024-05-20,IMERG_r1139_c2725,23.95,92.55,1.1
2024-05-20,IMERG_r1139_c2726,23.95,92.65,0.6
2024-05-20,IMERG_r1139_c2727,23.95,92.75,0.2
2024-05-20,IMERG_r1140_c2725,24.05,92.55,1.8
2024-05-20,IMERG_r1140_c2726,24.05,92.65,3.1
2024-05-20,IMERG_r1140_c2727,24.05,92.75,2.0
2024-05-21,IMERG_r1136_c2725,23.65,92.55,0.1
2024-05-21,IMERG_r1136_c2726,23.65,92.65,0.2
2024-05-21,IMERG_r1136_c2727,23.65,92.75,2.3
2024-05-21,IMERG_r1137_c2725,23.75,92.55,0.4
2024-05-21,IMERG_r1137_c2726,23.75,92.65,0.5
2024-05-21,IMERG_r1137_c2727,23.75,92.75,2.5
2024-05-21,IMERG_r1138_c2725,23.85,92.55,1.2
2024-05-21,IMERG_r1138_c2726,23.85,92.65,6.8
2024-05-21,IMERG_r1138_c2727,23.85,92.75,9.8
2024-05-21,IMERG_r1139_c2725,23.95,92.55,1.0
2024-05-21,IMERG_r1139_c2726,23.95,92.65,11.2
2024-05-21,IMERG_r1139_c2727,23.95,92.75,9.0
2024-05-21,IMERG_r1140_c2725,24.05,92.55,12.3
2024-05-21,IMERG_r1140_c2726,24.05,92.65,11.2
2024-05-21,IMERG_r1140_c2727,24.05,92.75,5.9
2024-05-22,IMERG_r1136_c2725,23.65,92.55,0.1
2024-05-22,IMERG_r1136_c2726,23.65,92.65,1.2
2024-05-22,IMERG_r1136_c2727,23.65,92.75,2.0
2024-05-22,IMERG_r1137_c2725,23.75,92.55,0.0
2024-05-22,IMERG_r1137_c2726,23.75,92.65,0.6
2024-05-22,IMERG_r1137_c2727,23.75,92.75,3.5
2024-05-22,IMERG_r1138_c2725,23.85,92.55,0.1
2024-05-22,IMERG_r1138_c2726,23.85,92.65,1.1
2024-05-22,IMERG_r1138_c2727,23.85,92.75,2.8
2024-05-22,IMERG_r1139_c2725,23.95,92.55,0.9
2024-05-22,IMERG_r1139_c2726,23.95,92.65,2.0
2024-05-22,IMERG_r1139_c2727,23.95,92.75,8.2
2024-05-22,IMERG_r1140_c2725,24.05,92.55,0.4
2024-05-22,IMERG_r1140_c2726,24.05,92.65,9.4
2024-05-22,IMERG_r1140_c2727,24.05,92.75,7.4
2024-05-23,IMERG_r1136_c2725,23.65,92.55,0.2
2024-05-23,IMERG_r1136_c2726,23.65,92.65,0.7
2024-05-23,IMERG_r1136_c2727,23.65,92.75,1.5
2024-05-23,IMERG_r1137_c2725,23.75,92.55,2.3
2024-05-23,IMERG_r1137_c2726,23.75,92.65,0.0
2024-05-23,IMERG_r1137_c2727,23.75,92.75,5.6
2024-05-23,IMERG_r1138_c2725,23.85,92.55,1.2
2024-05-23,IMERG_r1138_c2726,23.85,92.65,7.0
2024-05-23,IMERG_r1138_c2727,23.85,92.75,3.8
2024-05-23,IMERG_r1139_c2725,23.95,92.55,0.4
2024-05-23,IMERG_r1139_c2726,23.95,92.65,6.9
2024-05-23,IMERG_r1139_c2727,23.95,92.75,7.1
2024-05-23,IMERG_r1140_c2725,24.05,92.55,0.0
2024-05-23,IMERG_r1140_c2726,24.05,92.65,1.9
2024-05-23,IMERG_r1140_c2727,24.05,92.75,20.8
2024-05-24,IMERG_r1136_c2725,23.65,92.55,12.2
2024-05-24,IMERG_r1136_c2726,23.65,92.65,15.7
2024-05-24,IMERG_r1136_c2727,23.65,92.75,16.4
2024-05-24,IMERG_r1137_c2725,23.75,92.55,15.7
2024-05-24,IMERG_r1137_c2726,23.75,92.65,20.5
2024-05-24,IMERG_r1137_c2727,23.75,92.75,24.5
2024-05-24,IMERG_r1138_c2725,23.85,92.55,3.8
2024-05-24,IMERG_r1138_c2726,23.85,92.65,24.2
2024-05-24,IMERG_r1138_c2727,23.85,92.75,32.3
2024-05-24,IMERG_r1139_c2725,23.95,92.55,3.4
2024-05-24,IMERG_r1139_c2726,23.95,92.65,9.4
2024-05-24,IMERG_r1139_c2727,23.95,92.75,14.2
2024-05-24,IMERG_r1140_c2725,24.05,92.55,1.1
2024-05-24,IMERG_r1140_c2726,24.05,92.65,3.0
2024-05-24,IMERG_r1140_c2727,24.05,92.75,5.3
2024-05-25,IMERG_r1136_c2725,23.65,92.55,40.2
2024-05-25,IMERG_r1136_c2726,23.65,92.65,42.2
2024-05-25,IMERG_r1136_c2727,23.65,92.75,20.5
2024-05-25,IMERG_r1137_c2725,23.75,92.55,40.0
2024-05-25,IMERG_r1137_c2726,23.75,92.65,43.0
2024-05-25,IMERG_r1137_c2727,23.75,92.75,26.3
2024-05-25,IMERG_r1138_c2725,23.85,92.55,45.0
2024-05-25,IMERG_r1138_c2726,23.85,92.65,41.6
2024-05-25,IMERG_r1138_c2727,23.85,92.75,27.3
2024-05-25,IMERG_r1139_c2725,23.95,92.55,39.6
2024-05-25,IMERG_r1139_c2726,23.95,92.65,38.9
2024-05-25,IMERG_r1139_c2727,23.95,92.75,24.7
2024-05-25,IMERG_r1140_c2725,24.05,92.55,33.6
2024-05-25,IMERG_r1140_c2726,24.05,92.65,28.9
2024-05-25,IMERG_r1140_c2727,24.05,92.75,20.3
2024-05-26,IMERG_r1136_c2725,23.65,92.55,92.9
2024-05-26,IMERG_r1136_c2726,23.65,92.65,78.1
2024-05-26,IMERG_r1136_c2727,23.65,92.75,68.8
2024-05-26,IMERG_r1137_c2725,23.75,92.55,101.1
2024-05-26,IMERG_r1137_c2726,23.75,92.65,81.9
2024-05-26,IMERG_r1137_c2727,23.75,92.75,83.8
2024-05-26,IMERG_r1138_c2725,23.85,92.55,104.6
2024-05-26,IMERG_r1138_c2726,23.85,92.65,82.7
2024-05-26,IMERG_r1138_c2727,23.85,92.75,82.6
2024-05-26,IMERG_r1139_c2725,23.95,92.55,97.9
2024-05-26,IMERG_r1139_c2726,23.95,92.65,85.8
2024-05-26,IMERG_r1139_c2727,23.95,92.75,86.7
2024-05-26,IMERG_r1140_c2725,24.05,92.55,85.9
2024-05-26,IMERG_r1140_c2726,24.05,92.65,94.7
2024-05-26,IMERG_r1140_c2727,24.05,92.75,88.6
2024-05-27,IMERG_r1136_c2725,23.65,92.55,204.9
2024-05-27,IMERG_r1136_c2726,23.65,92.65,187.7
2024-05-27,IMERG_r1136_c2727,23.65,92.75,172.8
2024-05-27,IMERG_r1137_c2725,23.75,92.55,206.2
2024-05-27,IMERG_r1137_c2726,23.75,92.65,192.0
2024-05-27,IMERG_r1137_c2727,23.75,92.75,172.8
2024-05-27,IMERG_r1138_c2725,23.85,92.55,216.4
2024-05-27,IMERG_r1138_c2726,23.85,92.65,194.6
2024-05-27,IMERG_r1138_c2727,23.85,92.75,176.8
2024-05-27,IMERG_r1139_c2725,23.95,92.55,213.4
2024-05-27,IMERG_r1139_c2726,23.95,92.65,190.6
2024-05-27,IMERG_r1139_c2727,23.95,92.75,175.9
2024-05-27,IMERG_r1140_c2725,24.05,92.55,185.2
2024-05-27,IMERG_r1140_c2726,24.05,92.65,181.1
2024-05-27,IMERG_r1140_c2727,24.05,92.75,169.9
2024-05-28,IMERG_r1136_c2725,23.65,92.55,60.7
2024-05-28,IMERG_r1136_c2726,23.65,92.65,65.6
2024-05-28,IMERG_r1136_c2727,23.65,92.75,66.7
2024-05-28,IMERG_r1137_c2725,23.75,92.55,66.5
2024-05-28,IMERG_r1137_c2726,23.75,92.65,70.9
2024-05-28,IMERG_r1137_c2727,23.75,92.75,71.2
2024-05-28,IMERG_r1138_c2725,23.85,92.55,62.6
2024-05-28,IMERG_r1138_c2726,23.85,92.65,74.8
2024-05-28,IMERG_r1138_c2727,23.85,92.75,82.4
2024-05-28,IMERG_r1139_c2725,23.95,92.55,59.1
2024-05-28,IMERG_r1139_c2726,23.95,92.65,78.1
2024-05-28,IMERG_r1139_c2727,23.95,92.75,86.3
2024-05-28,IMERG_r1140_c2725,24.05,92.55,55.8
2024-05-28,IMERG_r1140_c2726,24.05,92.65,64.9
2024-05-28,IMERG_r1140_c2727,24.05,92.75,73.8
2024-05-29,IMERG_r1136_c2725,23.65,92.55,2.0
2024-05-29,IMERG_r1136_c2726,23.65,92.65,2.7
2024-05-29,IMERG_r1136_c2727,23.65,92.75,3.4
2024-05-29,IMERG_r1137_c2725,23.75,92.55,0.4
2024-05-29,IMERG_r1137_c2726,23.75,92.65,2.6
2024-05-29,IMERG_r1137_c2727,23.75,92.75,1.1
2024-05-29,IMERG_r1138_c2725,23.85,92.55,0.5
2024-05-29,IMERG_r1138_c2726,23.85,92.65,1.0
2024-05-29,IMERG_r1138_c2727,23.85,92.75,0.1
2024-05-29,IMERG_r1139_c2725,23.95,92.55,0.4
2024-05-29,IMERG_r1139_c2726,23.95,92.65,0.0
2024-05-29,IMERG_r1139_c2727,23.95,92.75,0.0
2024-05-29,IMERG_r1140_c2725,24.05,92.55,1.2
2024-05-29,IMERG_r1140_c2726,24.05,92.65,0.4
2024-05-29,IMERG_r1140_c2727,24.05,92.75,1.4
2024-06-19,IMERG_r1136_c2725,23.65,92.55,9.7
2024-06-19,IMERG_r1136_c2726,23.65,92.65,12.1
2024-06-19,IMERG_r1136_c2727,23.65,92.75,6.8
2024-06-19,IMERG_r1137_c2725,23.75,92.55,11.4
2024-06-19,IMERG_r1137_c2726,23.75,92.65,7.2
2024-06-19,IMERG_r1137_c2727,23.75,92.75,4.7
2024-06-19,IMERG_r1138_c2725,23.85,92.55,13.6
2024-06-19,IMERG_r1138_c2726,23.85,92.65,7.8
2024-06-19,IMERG_r1138_c2727,23.85,92.75,4.5
2024-06-19,IMERG_r1139_c2725,23.95,92.55,16.3
2024-06-19,IMERG_r1139_c2726,23.95,92.65,8.5
2024-06-19,IMERG_r1139_c2727,23.95,92.75,8.3
2024-06-19,IMERG_r1140_c2725,24.05,92.55,15.4
2024-06-19,IMERG_r1140_c2726,24.05,92.65,7.8
2024-06-19,IMERG_r1140_c2727,24.05,92.75,10.5
2024-06-20,IMERG_r1136_c2725,23.65,92.55,0.7
2024-06-20,IMERG_r1136_c2726,23.65,92.65,0.3
2024-06-20,IMERG_r1136_c2727,23.65,92.75,0.7
2024-06-20,IMERG_r1137_c2725,23.75,92.55,2.2
2024-06-20,IMERG_r1137_c2726,23.75,92.65,3.0
2024-06-20,IMERG_r1137_c2727,23.75,92.75,4.2
2024-06-20,IMERG_r1138_c2725,23.85,92.55,3.8
2024-06-20,IMERG_r1138_c2726,23.85,92.65,4.3
2024-06-20,IMERG_r1138_c2727,23.85,92.75,9.5
2024-06-20,IMERG_r1139_c2725,23.95,92.55,2.3
2024-06-20,IMERG_r1139_c2726,23.95,92.65,3.0
2024-06-20,IMERG_r1139_c2727,23.95,92.75,7.4
2024-06-20,IMERG_r1140_c2725,24.05,92.55,1.7
2024-06-20,IMERG_r1140_c2726,24.05,92.65,1.6
2024-06-20,IMERG_r1140_c2727,24.05,92.75,3.6
2024-06-21,IMERG_r1136_c2725,23.65,92.55,56.9
2024-06-21,IMERG_r1136_c2726,23.65,92.65,54.1
2024-06-21,IMERG_r1136_c2727,23.65,92.75,50.0
2024-06-21,IMERG_r1137_c2725,23.75,92.55,97.8
2024-06-21,IMERG_r1137_c2726,23.75,92.65,115.6
2024-06-21,IMERG_r1137_c2727,23.75,92.75,102.5
2024-06-21,IMERG_r1138_c2725,23.85,92.55,103.4
2024-06-21,IMERG_r1138_c2726,23.85,92.65,117.6
2024-06-21,IMERG_r1138_c2727,23.85,92.75,155.9
2024-06-21,IMERG_r1139_c2725,23.95,92.55,84.9
2024-06-21,IMERG_r1139_c2726,23.95,92.65,112.9
2024-06-21,IMERG_r1139_c2727,23.95,92.75,143.7
2024-06-21,IMERG_r1140_c2725,24.05,92.55,150.0
2024-06-21,IMERG_r1140_c2726,24.05,92.65,159.6
2024-06-21,IMERG_r1140_c2727,24.05,92.75,119.0
2024-06-22,IMERG_r1136_c2725,23.65,92.55,26.8
2024-06-22,IMERG_r1136_c2726,23.65,92.65,42.9
2024-06-22,IMERG_r1136_c2727,23.65,92.75,50.7
2024-06-22,IMERG_r1137_c2725,23.75,92.55,23.7
2024-06-22,IMERG_r1137_c2726,23.75,92.65,32.7
2024-06-22,IMERG_r1137_c2727,23.75,92.75,35.0
2024-06-22,IMERG_r1138_c2725,23.85,92.55,10.4
2024-06-22,IMERG_r1138_c2726,23.85,92.65,18.1
2024-06-22,IMERG_r1138_c2727,23.85,92.75,19.2
2024-06-22,IMERG_r1139_c2725,23.95,92.55,5.5
2024-06-22,IMERG_r1139_c2726,23.95,92.65,10.7
2024-06-22,IMERG_r1139_c2727,23.95,92.75,10.6
2024-06-22,IMERG_r1140_c2725,24.05,92.55,7.0
2024-06-22,IMERG_r1140_c2726,24.05,92.65,11.3
2024-06-22,IMERG_r1140_c2727,24.05,92.75,16.7
2024-06-23,IMERG_r1136_c2725,23.65,92.55,27.0
2024-06-23,IMERG_r1136_c2726,23.65,92.65,27.0
2024-06-23,IMERG_r1136_c2727,23.65,92.75,36.5
2024-06-23,IMERG_r1137_c2725,23.75,92.55,29.6
2024-06-23,IMERG_r1137_c2726,23.75,92.65,41.0
2024-06-23,IMERG_r1137_c2727,23.75,92.75,56.1
2024-06-23,IMERG_r1138_c2725,23.85,92.55,34.3
2024-06-23,IMERG_r1138_c2726,23.85,92.65,28.8
2024-06-23,IMERG_r1138_c2727,23.85,92.75,46.9
2024-06-23,IMERG_r1139_c2725,23.95,92.55,8.6
2024-06-23,IMERG_r1139_c2726,23.95,92.65,15.9
2024-06-23,IMERG_r1139_c2727,23.95,92.75,24.3
2024-06-23,IMERG_r1140_c2725,24.05,92.55,6.4
2024-06-23,IMERG_r1140_c2726,24.05,92.65,9.4
2024-06-23,IMERG_r1140_c2727,24.05,92.75,14.1
2024-06-24,IMERG_r1136_c2725,23.65,92.55,6.0
2024-06-24,IMERG_r1136_c2726,23.65,92.65,2.7
2024-06-24,IMERG_r1136_c2727,23.65,92.75,6.4
2024-06-24,IMERG_r1137_c2725,23.75,92.55,5.0
2024-06-24,IMERG_r1137_c2726,23.75,92.65,5.9
2024-06-24,IMERG_r1137_c2727,23.75,92.75,8.4
2024-06-24,IMERG_r1138_c2725,23.85,92.55,10.1
2024-06-24,IMERG_r1138_c2726,23.85,92.65,7.1
2024-06-24,IMERG_r1138_c2727,23.85,92.75,10.5
2024-06-24,IMERG_r1139_c2725,23.95,92.55,11.8
2024-06-24,IMERG_r1139_c2726,23.95,92.65,15.9
2024-06-24,IMERG_r1139_c2727,23.95,92.75,19.3
2024-06-24,IMERG_r1140_c2725,24.05,92.55,10.2
2024-06-24,IMERG_r1140_c2726,24.05,92.65,14.4
2024-06-24,IMERG_r1140_c2727,24.05,92.75,38.3
2024-06-25,IMERG_r1136_c2725,23.65,92.55,22.5
2024-06-25,IMERG_r1136_c2726,23.65,92.65,16.6
2024-06-25,IMERG_r1136_c2727,23.65,92.75,9.9
2024-06-25,IMERG_r1137_c2725,23.75,92.55,11.4
2024-06-25,IMERG_r1137_c2726,23.75,92.65,6.9
2024-06-25,IMERG_r1137_c2727,23.75,92.75,6.2
2024-06-25,IMERG_r1138_c2725,23.85,92.55,5.0
2024-06-25,IMERG_r1138_c2726,23.85,92.65,2.9
2024-06-25,IMERG_r1138_c2727,23.85,92.75,1.3
2024-06-25,IMERG_r1139_c2725,23.95,92.55,1.6
2024-06-25,IMERG_r1139_c2726,23.95,92.65,0.6
2024-06-25,IMERG_r1139_c2727,23.95,92.75,0.5
2024-06-25,IMERG_r1140_c2725,24.05,92.55,3.3
2024-06-25,IMERG_r1140_c2726,24.05,92.65,1.8
2024-06-25,IMERG_r1140_c2727,24.05,92.75,4.9
2024-06-26,IMERG_r1136_c2725,23.65,92.55,38.5
2024-06-26,IMERG_r1136_c2726,23.65,92.65,21.2
2024-06-26,IMERG_r1136_c2727,23.65,92.75,17.2
2024-06-26,IMERG_r1137_c2725,23.75,92.55,45.2
2024-06-26,IMERG_r1137_c2726,23.75,92.65,30.7
2024-06-26,IMERG_r1137_c2727,23.75,92.75,29.1
2024-06-26,IMERG_r1138_c2725,23.85,92.55,32.3
2024-06-26,IMERG_r1138_c2726,23.85,92.65,25.6
2024-06-26,IMERG_r1138_c2727,23.85,92.75,36.7
2024-06-26,IMERG_r1139_c2725,23.95,92.55,13.8
2024-06-26,IMERG_r1139_c2726,23.95,92.65,18.9
2024-06-26,IMERG_r1139_c2727,23.95,92.75,26.8
2024-06-26,IMERG_r1140_c2725,24.05,92.55,18.3
2024-06-26,IMERG_r1140_c2726,24.05,92.65,29.8
2024-06-26,IMERG_r1140_c2727,24.05,92.75,50.0
2024-06-27,IMERG_r1136_c2725,23.65,92.55,18.0
2024-06-27,IMERG_r1136_c2726,23.65,92.65,25.8
2024-06-27,IMERG_r1136_c2727,23.65,92.75,30.4
2024-06-27,IMERG_r1137_c2725,23.75,92.55,18.7
2024-06-27,IMERG_r1137_c2726,23.75,92.65,41.6
2024-06-27,IMERG_r1137_c2727,23.75,92.75,27.6
2024-06-27,IMERG_r1138_c2725,23.85,92.55,25.9
2024-06-27,IMERG_r1138_c2726,23.85,92.65,176.5
2024-06-27,IMERG_r1138_c2727,23.85,92.75,26.7
2024-06-27,IMERG_r1139_c2725,23.95,92.55,119.7
2024-06-27,IMERG_r1139_c2726,23.95,92.65,173.2
2024-06-27,IMERG_r1139_c2727,23.95,92.75,45.2
2024-06-27,IMERG_r1140_c2725,24.05,92.55,101.8
2024-06-27,IMERG_r1140_c2726,24.05,92.65,101.7
2024-06-27,IMERG_r1140_c2727,24.05,92.75,55.7
2024-06-28,IMERG_r1136_c2725,23.65,92.55,2.1
2024-06-28,IMERG_r1136_c2726,23.65,92.65,1.2
2024-06-28,IMERG_r1136_c2727,23.65,92.75,1.5
2024-06-28,IMERG_r1137_c2725,23.75,92.55,1.9
2024-06-28,IMERG_r1137_c2726,23.75,92.65,1.4
2024-06-28,IMERG_r1137_c2727,23.75,92.75,2.4
2024-06-28,IMERG_r1138_c2725,23.85,92.55,2.3
2024-06-28,IMERG_r1138_c2726,23.85,92.65,1.6
2024-06-28,IMERG_r1138_c2727,23.85,92.75,2.1
2024-06-28,IMERG_r1139_c2725,23.95,92.55,2.9
2024-06-28,IMERG_r1139_c2726,23.95,92.65,1.4
2024-06-28,IMERG_r1139_c2727,23.95,92.75,1.8
2024-06-28,IMERG_r1140_c2725,24.05,92.55,4.9
2024-06-28,IMERG_r1140_c2726,24.05,92.65,2.9
2024-06-28,IMERG_r1140_c2727,24.05,92.75,4.4
2024-06-29,IMERG_r1136_c2725,23.65,92.55,32.2
2024-06-29,IMERG_r1136_c2726,23.65,92.65,15.5
2024-06-29,IMERG_r1136_c2727,23.65,92.75,1.1
2024-06-29,IMERG_r1137_c2725,23.75,92.55,18.8
2024-06-29,IMERG_r1137_c2726,23.75,92.65,7.1
2024-06-29,IMERG_r1137_c2727,23.75,92.75,1.8
2024-06-29,IMERG_r1138_c2725,23.85,92.55,12.2
2024-06-29,IMERG_r1138_c2726,23.85,92.65,4.9
2024-06-29,IMERG_r1138_c2727,23.85,92.75,3.0
2024-06-29,IMERG_r1139_c2725,23.95,92.55,8.5
2024-06-29,IMERG_r1139_c2726,23.95,92.65,3.7
2024-06-29,IMERG_r1139_c2727,23.95,92.75,1.7
2024-06-29,IMERG_r1140_c2725,24.05,92.55,7.9
2024-06-29,IMERG_r1140_c2726,24.05,92.65,4.5
2024-06-29,IMERG_r1140_c2727,24.05,92.75,3.1
2024-06-30,IMERG_r1136_c2725,23.65,92.55,116.5
2024-06-30,IMERG_r1136_c2726,23.65,92.65,119.1
2024-06-30,IMERG_r1136_c2727,23.65,92.75,133.6
2024-06-30,IMERG_r1137_c2725,23.75,92.55,71.8
2024-06-30,IMERG_r1137_c2726,23.75,92.65,78.2
2024-06-30,IMERG_r1137_c2727,23.75,92.75,84.9
2024-06-30,IMERG_r1138_c2725,23.85,92.55,54.8
2024-06-30,IMERG_r1138_c2726,23.85,92.65,44.3
2024-06-30,IMERG_r1138_c2727,23.85,92.75,67.2
2024-06-30,IMERG_r1139_c2725,23.95,92.55,34.2
2024-06-30,IMERG_r1139_c2726,23.95,92.65,31.9
2024-06-30,IMERG_r1139_c2727,23.95,92.75,41.1
2024-06-30,IMERG_r1140_c2725,24.05,92.55,29.0
2024-06-30,IMERG_r1140_c2726,24.05,92.65,18.5
2024-06-30,IMERG_r1140_c2727,24.05,92.75,31.1
2024-07-01,IMERG_r1136_c2725,23.65,92.55,237.0
2024-07-01,IMERG_r1136_c2726,23.65,92.65,227.6
2024-07-01,IMERG_r1136_c2727,23.65,92.75,230.2
2024-07-01,IMERG_r1137_c2725,23.75,92.55,212.7
2024-07-01,IMERG_r1137_c2726,23.75,92.65,236.5
2024-07-01,IMERG_r1137_c2727,23.75,92.75,210.6
2024-07-01,IMERG_r1138_c2725,23.85,92.55,182.5
2024-07-01,IMERG_r1138_c2726,23.85,92.65,163.4
2024-07-01,IMERG_r1138_c2727,23.85,92.75,159.6
2024-07-01,IMERG_r1139_c2725,23.95,92.55,130.9
2024-07-01,IMERG_r1139_c2726,23.95,92.65,137.5
2024-07-01,IMERG_r1139_c2727,23.95,92.75,123.9
2024-07-01,IMERG_r1140_c2725,24.05,92.55,110.4
2024-07-01,IMERG_r1140_c2726,24.05,92.65,134.9
2024-07-01,IMERG_r1140_c2727,24.05,92.75,151.8
2024-08-15,IMERG_r1136_c2725,23.65,92.55,53.4
2024-08-15,IMERG_r1136_c2726,23.65,92.65,45.1
2024-08-15,IMERG_r1136_c2727,23.65,92.75,58.0
2024-08-15,IMERG_r1137_c2725,23.75,92.55,51.4
2024-08-15,IMERG_r1137_c2726,23.75,92.65,48.8
2024-08-15,IMERG_r1137_c2727,23.75,92.75,58.8
2024-08-15,IMERG_r1138_c2725,23.85,92.55,52.6
2024-08-15,IMERG_r1138_c2726,23.85,92.65,60.7
2024-08-15,IMERG_r1138_c2727,23.85,92.75,66.3
2024-08-15,IMERG_r1139_c2725,23.95,92.55,47.4
2024-08-15,IMERG_r1139_c2726,23.95,92.65,80.6
2024-08-15,IMERG_r1139_c2727,23.95,92.75,70.1
2024-08-15,IMERG_r1140_c2725,24.05,92.55,78.3
2024-08-15,IMERG_r1140_c2726,24.05,92.65,61.2
2024-08-15,IMERG_r1140_c2727,24.05,92.75,77.4
2024-08-16,IMERG_r1136_c2725,23.65,92.55,70.9
2024-08-16,IMERG_r1136_c2726,23.65,92.65,42.5
2024-08-16,IMERG_r1136_c2727,23.65,92.75,37.1
2024-08-16,IMERG_r1137_c2725,23.75,92.55,43.9
2024-08-16,IMERG_r1137_c2726,23.75,92.65,43.2
2024-08-16,IMERG_r1137_c2727,23.75,92.75,38.8
2024-08-16,IMERG_r1138_c2725,23.85,92.55,39.4
2024-08-16,IMERG_r1138_c2726,23.85,92.65,42.8
2024-08-16,IMERG_r1138_c2727,23.85,92.75,40.7
2024-08-16,IMERG_r1139_c2725,23.95,92.55,51.3
2024-08-16,IMERG_r1139_c2726,23.95,92.65,46.1
2024-08-16,IMERG_r1139_c2727,23.95,92.75,55.7
2024-08-16,IMERG_r1140_c2725,24.05,92.55,46.7
2024-08-16,IMERG_r1140_c2726,24.05,92.65,43.5
2024-08-16,IMERG_r1140_c2727,24.05,92.75,63.0
2024-08-17,IMERG_r1136_c2725,23.65,92.55,33.8
2024-08-17,IMERG_r1136_c2726,23.65,92.65,27.4
2024-08-17,IMERG_r1136_c2727,23.65,92.75,30.3
2024-08-17,IMERG_r1137_c2725,23.75,92.55,26.7
2024-08-17,IMERG_r1137_c2726,23.75,92.65,29.6
2024-08-17,IMERG_r1137_c2727,23.75,92.75,30.7
2024-08-17,IMERG_r1138_c2725,23.85,92.55,32.2
2024-08-17,IMERG_r1138_c2726,23.85,92.65,31.9
2024-08-17,IMERG_r1138_c2727,23.85,92.75,32.7
2024-08-17,IMERG_r1139_c2725,23.95,92.55,37.2
2024-08-17,IMERG_r1139_c2726,23.95,92.65,40.1
2024-08-17,IMERG_r1139_c2727,23.95,92.75,37.4
2024-08-17,IMERG_r1140_c2725,24.05,92.55,54.0
2024-08-17,IMERG_r1140_c2726,24.05,92.65,58.5
2024-08-17,IMERG_r1140_c2727,24.05,92.75,52.0
2024-08-18,IMERG_r1136_c2725,23.65,92.55,26.4
2024-08-18,IMERG_r1136_c2726,23.65,92.65,13.6
2024-08-18,IMERG_r1136_c2727,23.65,92.75,13.5
2024-08-18,IMERG_r1137_c2725,23.75,92.55,11.5
2024-08-18,IMERG_r1137_c2726,23.75,92.65,10.8
2024-08-18,IMERG_r1137_c2727,23.75,92.75,17.4
2024-08-18,IMERG_r1138_c2725,23.85,92.55,11.7
2024-08-18,IMERG_r1138_c2726,23.85,92.65,11.6
2024-08-18,IMERG_r1138_c2727,23.85,92.75,14.8
2024-08-18,IMERG_r1139_c2725,23.95,92.55,8.2
2024-08-18,IMERG_r1139_c2726,23.95,92.65,11.0
2024-08-18,IMERG_r1139_c2727,23.95,92.75,13.5
2024-08-18,IMERG_r1140_c2725,24.05,92.55,9.8
2024-08-18,IMERG_r1140_c2726,24.05,92.65,12.7
2024-08-18,IMERG_r1140_c2727,24.05,92.75,19.7
2024-08-19,IMERG_r1136_c2725,23.65,92.55,95.8
2024-08-19,IMERG_r1136_c2726,23.65,92.65,115.4
2024-08-19,IMERG_r1136_c2727,23.65,92.75,108.1
2024-08-19,IMERG_r1137_c2725,23.75,92.55,114.9
2024-08-19,IMERG_r1137_c2726,23.75,92.65,119.4
2024-08-19,IMERG_r1137_c2727,23.75,92.75,90.8
2024-08-19,IMERG_r1138_c2725,23.85,92.55,118.0
2024-08-19,IMERG_r1138_c2726,23.85,92.65,105.7
2024-08-19,IMERG_r1138_c2727,23.85,92.75,90.9
2024-08-19,IMERG_r1139_c2725,23.95,92.55,109.4
2024-08-19,IMERG_r1139_c2726,23.95,92.65,86.4
2024-08-19,IMERG_r1139_c2727,23.95,92.75,82.8
2024-08-19,IMERG_r1140_c2725,24.05,92.55,107.7
2024-08-19,IMERG_r1140_c2726,24.05,92.65,86.4
2024-08-19,IMERG_r1140_c2727,24.05,92.75,70.2
2024-08-20,IMERG_r1136_c2725,23.65,92.55,153.7
2024-08-20,IMERG_r1136_c2726,23.65,92.65,164.3
2024-08-20,IMERG_r1136_c2727,23.65,92.75,128.0
2024-08-20,IMERG_r1137_c2725,23.75,92.55,152.6
2024-08-20,IMERG_r1137_c2726,23.75,92.65,160.9
2024-08-20,IMERG_r1137_c2727,23.75,92.75,154.4
2024-08-20,IMERG_r1138_c2725,23.85,92.55,118.6
2024-08-20,IMERG_r1138_c2726,23.85,92.65,125.3
2024-08-20,IMERG_r1138_c2727,23.85,92.75,136.9
2024-08-20,IMERG_r1139_c2725,23.95,92.55,100.7
2024-08-20,IMERG_r1139_c2726,23.95,92.65,90.7
2024-08-20,IMERG_r1139_c2727,23.95,92.75,108.5
2024-08-20,IMERG_r1140_c2725,24.05,92.55,61.3
2024-08-20,IMERG_r1140_c2726,24.05,92.65,78.7
2024-08-20,IMERG_r1140_c2727,24.05,92.75,81.4
2024-08-21,IMERG_r1136_c2725,23.65,92.55,61.9
2024-08-21,IMERG_r1136_c2726,23.65,92.65,46.5
2024-08-21,IMERG_r1136_c2727,23.65,92.75,40.7
2024-08-21,IMERG_r1137_c2725,23.75,92.55,55.4
2024-08-21,IMERG_r1137_c2726,23.75,92.65,42.0
2024-08-21,IMERG_r1137_c2727,23.75,92.75,38.9
2024-08-21,IMERG_r1138_c2725,23.85,92.55,58.1
2024-08-21,IMERG_r1138_c2726,23.85,92.65,40.5
2024-08-21,IMERG_r1138_c2727,23.85,92.75,34.0
2024-08-21,IMERG_r1139_c2725,23.95,92.55,59.9
2024-08-21,IMERG_r1139_c2726,23.95,92.65,39.7
2024-08-21,IMERG_r1139_c2727,23.95,92.75,31.6
2024-08-21,IMERG_r1140_c2725,24.05,92.55,48.3
2024-08-21,IMERG_r1140_c2726,24.05,92.65,41.3
2024-08-21,IMERG_r1140_c2727,24.05,92.75,29.5
2024-08-22,IMERG_r1136_c2725,23.65,92.55,38.1
2024-08-22,IMERG_r1136_c2726,23.65,92.65,31.0
2024-08-22,IMERG_r1136_c2727,23.65,92.75,32.3
2024-08-22,IMERG_r1137_c2725,23.75,92.55,40.9
2024-08-22,IMERG_r1137_c2726,23.75,92.65,30.0
2024-08-22,IMERG_r1137_c2727,23.75,92.75,29.6
2024-08-22,IMERG_r1138_c2725,23.85,92.55,36.2
2024-08-22,IMERG_r1138_c2726,23.85,92.65,26.2
2024-08-22,IMERG_r1138_c2727,23.85,92.75,29.2
2024-08-22,IMERG_r1139_c2725,23.95,92.55,31.1
2024-08-22,IMERG_r1139_c2726,23.95,92.65,22.4
2024-08-22,IMERG_r1139_c2727,23.95,92.75,22.1
2024-08-22,IMERG_r1140_c2725,24.05,92.55,28.3
2024-08-22,IMERG_r1140_c2726,24.05,92.65,23.7
2024-08-22,IMERG_r1140_c2727,24.05,92.75,27.5
2024-08-23,IMERG_r1136_c2725,23.65,92.55,22.7
2024-08-23,IMERG_r1136_c2726,23.65,92.65,20.4
2024-08-23,IMERG_r1136_c2727,23.65,92.75,29.5
2024-08-23,IMERG_r1137_c2725,23.75,92.55,18.0
2024-08-23,IMERG_r1137_c2726,23.75,92.65,16.7
2024-08-23,IMERG_r1137_c2727,23.75,92.75,22.8
2024-08-23,IMERG_r1138_c2725,23.85,92.55,12.2
2024-08-23,IMERG_r1138_c2726,23.85,92.65,11.2
2024-08-23,IMERG_r1138_c2727,23.85,92.75,18.2
2024-08-23,IMERG_r1139_c2725,23.95,92.55,7.6
2024-08-23,IMERG_r1139_c2726,23.95,92.65,14.4
2024-08-23,IMERG_r1139_c2727,23.95,92.75,13.2
2024-08-23,IMERG_r1140_c2725,24.05,92.55,10.8
2024-08-23,IMERG_r1140_c2726,24.05,92.65,6.1
2024-08-23,IMERG_r1140_c2727,24.05,92.75,6.5
2024-08-24,IMERG_r1136_c2725,23.65,92.55,8.7
2024-08-24,IMERG_r1136_c2726,23.65,92.65,8.9
2024-08-24,IMERG_r1136_c2727,23.65,92.75,7.7
2024-08-24,IMERG_r1137_c2725,23.75,92.55,8.8
2024-08-24,IMERG_r1137_c2726,23.75,92.65,6.9
2024-08-24,IMERG_r1137_c2727,23.75,92.75,5.8
2024-08-24,IMERG_r1138_c2725,23.85,92.55,7.7
2024-08-24,IMERG_r1138_c2726,23.85,92.65,6.2
2024-08-24,IMERG_r1138_c2727,23.85,92.75,5.0
2024-08-24,IMERG_r1139_c2725,23.95,92.55,10.1
2024-08-24,IMERG_r1139_c2726,23.95,92.65,9.0
2024-08-24,IMERG_r1139_c2727,23.95,92.75,7.5
2024-08-24,IMERG_r1140_c2725,24.05,92.55,1.8
2024-08-24,IMERG_r1140_c2726,24.05,92.65,2.6
2024-08-24,IMERG_r1140_c2727,24.05,92.75,2.8
2024-08-25,IMERG_r1136_c2725,23.65,92.55,3.5
2024-08-25,IMERG_r1136_c2726,23.65,92.65,7.9
2024-08-25,IMERG_r1136_c2727,23.65,92.75,13.1
2024-08-25,IMERG_r1137_c2725,23.75,92.55,3.6
2024-08-25,IMERG_r1137_c2726,23.75,92.65,6.3
2024-08-25,IMERG_r1137_c2727,23.75,92.75,10.1
2024-08-25,IMERG_r1138_c2725,23.85,92.55,5.4
2024-08-25,IMERG_r1138_c2726,23.85,92.65,9.4
2024-08-25,IMERG_r1138_c2727,23.85,92.75,7.9
2024-08-25,IMERG_r1139_c2725,23.95,92.55,9.9
2024-08-25,IMERG_r1139_c2726,23.95,92.65,9.1
2024-08-25,IMERG_r1139_c2727,23.95,92.75,9.5
2024-08-25,IMERG_r1140_c2725,24.05,92.55,13.0
2024-08-25,IMERG_r1140_c2726,24.05,92.65,11.4
2024-08-25,IMERG_r1140_c2727,24.05,92.75,10.0
2024-08-26,IMERG_r1136_c2725,23.65,92.55,2.7
2024-08-26,IMERG_r1136_c2726,23.65,92.65,5.1
2024-08-26,IMERG_r1136_c2727,23.65,92.75,3.7
2024-08-26,IMERG_r1137_c2725,23.75,92.55,4.3
2024-08-26,IMERG_r1137_c2726,23.75,92.65,6.3
2024-08-26,IMERG_r1137_c2727,23.75,92.75,4.3
2024-08-26,IMERG_r1138_c2725,23.85,92.55,3.0
2024-08-26,IMERG_r1138_c2726,23.85,92.65,1.0
2024-08-26,IMERG_r1138_c2727,23.85,92.75,1.7
2024-08-26,IMERG_r1139_c2725,23.95,92.55,1.5
2024-08-26,IMERG_r1139_c2726,23.95,92.65,0.9
2024-08-26,IMERG_r1139_c2727,23.95,92.75,1.2
2024-08-26,IMERG_r1140_c2725,24.05,92.55,2.5
2024-08-26,IMERG_r1140_c2726,24.05,92.65,5.6
2024-08-26,IMERG_r1140_c2727,24.05,92.75,3.8
2024-08-27,IMERG_r1136_c2725,23.65,92.55,14.0
2024-08-27,IMERG_r1136_c2726,23.65,92.65,8.4
2024-08-27,IMERG_r1136_c2727,23.65,92.75,8.5
2024-08-27,IMERG_r1137_c2725,23.75,92.55,16.3
2024-08-27,IMERG_r1137_c2726,23.75,92.65,12.7
2024-08-27,IMERG_r1137_c2727,23.75,92.75,5.7
2024-08-27,IMERG_r1138_c2725,23.85,92.55,22.7
2024-08-27,IMERG_r1138_c2726,23.85,92.65,15.6
2024-08-27,IMERG_r1138_c2727,23.85,92.75,4.1
2024-08-27,IMERG_r1139_c2725,23.95,92.55,15.1
2024-08-27,IMERG_r1139_c2726,23.95,92.65,8.6
2024-08-27,IMERG_r1139_c2727,23.95,92.75,2.4
2024-08-27,IMERG_r1140_c2725,24.05,92.55,13.3
2024-08-27,IMERG_r1140_c2726,24.05,92.65,8.3
2024-08-27,IMERG_r1140_c2727,24.05,92.75,4.2
2025-05-17,IMERG_r1136_c2725,23.65,92.55,4.2
2025-05-17,IMERG_r1136_c2726,23.65,92.65,1.2
2025-05-17,IMERG_r1136_c2727,23.65,92.75,0.7
2025-05-17,IMERG_r1137_c2725,23.75,92.55,15.5
2025-05-17,IMERG_r1137_c2726,23.75,92.65,10.7
2025-05-17,IMERG_r1137_c2727,23.75,92.75,0.5
2025-05-17,IMERG_r1138_c2725,23.85,92.55,48.1
2025-05-17,IMERG_r1138_c2726,23.85,92.65,12.3
2025-05-17,IMERG_r1138_c2727,23.85,92.75,1.1
2025-05-17,IMERG_r1139_c2725,23.95,92.55,34.9
2025-05-17,IMERG_r1139_c2726,23.95,92.65,21.9
2025-05-17,IMERG_r1139_c2727,23.95,92.75,6.4
2025-05-17,IMERG_r1140_c2725,24.05,92.55,63.6
2025-05-17,IMERG_r1140_c2726,24.05,92.65,60.7
2025-05-17,IMERG_r1140_c2727,24.05,92.75,21.2
2025-05-18,IMERG_r1136_c2725,23.65,92.55,0.0
2025-05-18,IMERG_r1136_c2726,23.65,92.65,0.1
2025-05-18,IMERG_r1136_c2727,23.65,92.75,0.1
2025-05-18,IMERG_r1137_c2725,23.75,92.55,0.0
2025-05-18,IMERG_r1137_c2726,23.75,92.65,0.0
2025-05-18,IMERG_r1137_c2727,23.75,92.75,0.0
2025-05-18,IMERG_r1138_c2725,23.85,92.55,0.0
2025-05-18,IMERG_r1138_c2726,23.85,92.65,0.9
2025-05-18,IMERG_r1138_c2727,23.85,92.75,1.0
2025-05-18,IMERG_r1139_c2725,23.95,92.55,1.4
2025-05-18,IMERG_r1139_c2726,23.95,92.65,1.9
2025-05-18,IMERG_r1139_c2727,23.95,92.75,2.0
2025-05-18,IMERG_r1140_c2725,24.05,92.55,0.1
2025-05-18,IMERG_r1140_c2726,24.05,92.65,0.0
2025-05-18,IMERG_r1140_c2727,24.05,92.75,0.2
2025-05-19,IMERG_r1136_c2725,23.65,92.55,8.8
2025-05-19,IMERG_r1136_c2726,23.65,92.65,9.4
2025-05-19,IMERG_r1136_c2727,23.65,92.75,11.3
2025-05-19,IMERG_r1137_c2725,23.75,92.55,9.2
2025-05-19,IMERG_r1137_c2726,23.75,92.65,9.2
2025-05-19,IMERG_r1137_c2727,23.75,92.75,9.4
2025-05-19,IMERG_r1138_c2725,23.85,92.55,7.9
2025-05-19,IMERG_r1138_c2726,23.85,92.65,5.7
2025-05-19,IMERG_r1138_c2727,23.85,92.75,4.9
2025-05-19,IMERG_r1139_c2725,23.95,92.55,5.6
2025-05-19,IMERG_r1139_c2726,23.95,92.65,4.9
2025-05-19,IMERG_r1139_c2727,23.95,92.75,4.2
2025-05-19,IMERG_r1140_c2725,24.05,92.55,4.5
2025-05-19,IMERG_r1140_c2726,24.05,92.65,4.2
2025-05-19,IMERG_r1140_c2727,24.05,92.75,3.6
2025-05-20,IMERG_r1136_c2725,23.65,92.55,25.3
2025-05-20,IMERG_r1136_c2726,23.65,92.65,17.4
2025-05-20,IMERG_r1136_c2727,23.65,92.75,20.7
2025-05-20,IMERG_r1137_c2725,23.75,92.55,23.7
2025-05-20,IMERG_r1137_c2726,23.75,92.65,19.6
2025-05-20,IMERG_r1137_c2727,23.75,92.75,18.4
2025-05-20,IMERG_r1138_c2725,23.85,92.55,19.7
2025-05-20,IMERG_r1138_c2726,23.85,92.65,16.0
2025-05-20,IMERG_r1138_c2727,23.85,92.75,14.8
2025-05-20,IMERG_r1139_c2725,23.95,92.55,17.7
2025-05-20,IMERG_r1139_c2726,23.95,92.65,13.0
2025-05-20,IMERG_r1139_c2727,23.95,92.75,11.9
2025-05-20,IMERG_r1140_c2725,24.05,92.55,23.2
2025-05-20,IMERG_r1140_c2726,24.05,92.65,22.9
2025-05-20,IMERG_r1140_c2727,24.05,92.75,20.6
2025-05-21,IMERG_r1136_c2725,23.65,92.55,4.8
2025-05-21,IMERG_r1136_c2726,23.65,92.65,1.8
2025-05-21,IMERG_r1136_c2727,23.65,92.75,3.7
2025-05-21,IMERG_r1137_c2725,23.75,92.55,9.7
2025-05-21,IMERG_r1137_c2726,23.75,92.65,2.7
2025-05-21,IMERG_r1137_c2727,23.75,92.75,4.7
2025-05-21,IMERG_r1138_c2725,23.85,92.55,2.9
2025-05-21,IMERG_r1138_c2726,23.85,92.65,3.3
2025-05-21,IMERG_r1138_c2727,23.85,92.75,4.2
2025-05-21,IMERG_r1139_c2725,23.95,92.55,4.1
2025-05-21,IMERG_r1139_c2726,23.95,92.65,4.1
2025-05-21,IMERG_r1139_c2727,23.95,92.75,4.7
2025-05-21,IMERG_r1140_c2725,24.05,92.55,6.5
2025-05-21,IMERG_r1140_c2726,24.05,92.65,6.3
2025-05-21,IMERG_r1140_c2727,24.05,92.75,8.5
2025-05-22,IMERG_r1136_c2725,23.65,92.55,5.6
2025-05-22,IMERG_r1136_c2726,23.65,92.65,5.6
2025-05-22,IMERG_r1136_c2727,23.65,92.75,6.9
2025-05-22,IMERG_r1137_c2725,23.75,92.55,7.3
2025-05-22,IMERG_r1137_c2726,23.75,92.65,7.3
2025-05-22,IMERG_r1137_c2727,23.75,92.75,6.2
2025-05-22,IMERG_r1138_c2725,23.85,92.55,11.7
2025-05-22,IMERG_r1138_c2726,23.85,92.65,7.5
2025-05-22,IMERG_r1138_c2727,23.85,92.75,5.2
2025-05-22,IMERG_r1139_c2725,23.95,92.55,6.5
2025-05-22,IMERG_r1139_c2726,23.95,92.65,5.3
2025-05-22,IMERG_r1139_c2727,23.95,92.75,3.0
2025-05-22,IMERG_r1140_c2725,24.05,92.55,3.0
2025-05-22,IMERG_r1140_c2726,24.05,92.65,2.8
2025-05-22,IMERG_r1140_c2727,24.05,92.75,4.0
2025-05-23,IMERG_r1136_c2725,23.65,92.55,0.7
2025-05-23,IMERG_r1136_c2726,23.65,92.65,1.7
2025-05-23,IMERG_r1136_c2727,23.65,92.75,8.2
2025-05-23,IMERG_r1137_c2725,23.75,92.55,1.9
2025-05-23,IMERG_r1137_c2726,23.75,92.65,2.1
2025-05-23,IMERG_r1137_c2727,23.75,92.75,9.3
2025-05-23,IMERG_r1138_c2725,23.85,92.55,2.6
2025-05-23,IMERG_r1138_c2726,23.85,92.65,5.7
2025-05-23,IMERG_r1138_c2727,23.85,92.75,7.6
2025-05-23,IMERG_r1139_c2725,23.95,92.55,3.9
2025-05-23,IMERG_r1139_c2726,23.95,92.65,3.6
2025-05-23,IMERG_r1139_c2727,23.95,92.75,4.7
2025-05-23,IMERG_r1140_c2725,24.05,92.55,0.5
2025-05-23,IMERG_r1140_c2726,24.05,92.65,0.3
2025-05-23,IMERG_r1140_c2727,24.05,92.75,4.1
