cell_id,cell_latitude_center,cell_longitude_center,elevation_m,slope_degrees
IMERG_r1136_c2725,23.65,92.55,544.4163208007812,20.31471061706543
IMERG_r1136_c2726,23.65,92.65,672.35546875,21.947826385498047
IMERG_r1136_c2727,23.65,92.75,570.6285400390625,21.250207901000977
IMERG_r1137_c2725,23.75,92.55,487.95123291015625,20.85014533996582
IMERG_r1137_c2726,23.75,92.65,509.365966796875,16.60951805114746
IMERG_r1137_c2727,23.75,92.75,720.10546875,21.542245864868164
IMERG_r1138_c2725,23.85,92.55,450.97564697265625,19.67527198791504
IMERG_r1138_c2726,23.85,92.65,325.5710144042969,14.25692367553711
IMERG_r1138_c2727,23.85,92.75,643.96875,21.24153709411621
IMERG_r1139_c2725,23.95,92.55,342.0498046875,16.36412811279297
IMERG_r1139_c2726,23.95,92.65,293.3863525390625,14.215315818786621
IMERG_r1139_c2727,23.95,92.75,577.0249633789062,20.471904754638672
IMERG_r1140_c2725,24.05,92.55,233.1407470703125,13.586265563964844
IMERG_r1140_c2726,24.05,92.65,332.33709716796875,15.007067680358887
IMERG_r1140_c2727,24.05,92.75,459.3072204589844,17.899879455566406
